three,one,MW,lambdas_CALVADOS1,lambdas_CALVADOS2,lambdas_CALVADOS3,lambdas_LinkerHPS,sigmas,q
ALA,A,71.07,0.001116264,0.274329797,0.337724436,0.238,0.504,0
ARG,R,156.19,0.724991595,0.730762477,0.740790276,0.79,0.656,1
ASN,N,114.1,0.4383273,0.425585901,0.370696216,0.298,0.568,0
ASP,D,115.09,0.029182124,0.041604048,0.092587558,0.223,0.558,-1
CYS,C,103.14,0.610362354,0.56154351,0.592252908,0.414,0.548,0
GLN,Q,128.13,0.326818805,0.393431855,0.314344979,0.502,0.602,0
GLU,E,129.11,0.006100282,0.000693546,0.000249591,0.05,0.592,-1
GLY,G,57.05,0.701271368,0.705884373,0.753830812,1.268,0.45,0
HIS,H,137.14,0.465194808,0.466366729,0.408717622,0.497,0.608,0
ILE,I,113.16,0.607526833,0.542362361,0.513039887,0.669,0.618,0
LEU,L,113.16,0.556302031,0.644000501,0.554861531,0.394,0.618,0
LYS,K,128.17,0.058617173,0.179021174,0.138060254,0.083,0.636,1
MET,M,131.2,0.745899342,0.530848113,0.517087416,0.982,0.618,0
PHE,F,147.18,0.921695983,0.867235898,0.890644936,0.915,0.636,0
PRO,P,97.12,0.372964185,0.359312658,0.346977752,0.299,0.556,0
SER,S,87.08,0.464857013,0.462541681,0.447314257,0.572,0.518,0
THR,T,101.11,0.537977761,0.371316298,0.267238794,0.181,0.562,0
TRP,W,186.22,0.984423548,0.989376474,1.033450124,0.753,0.678,0
TYR,Y,163.18,0.995010823,0.977461145,0.950628687,1.024,0.646,0
VAL,V,99.13,0.418500685,0.208376961,0.293617421,0.267,0.586,0
